Step,Energy_eV_per_atom,NC
100,-0.721191,0.7875
200,-0.759066,0.7797
300,-0.793299,0.7719
400,-0.834377,0.7602
500,-0.886166,0.7524
600,-0.933097,0.7485
700,-0.970615,0.7485
800,-1.016608,0.7368
900,-1.056191,0.7329
1000,-1.089865,0.7251
1100,-1.139084,0.7173
1200,-1.191616,0.7173
1300,-1.240864,0.7096
1400,-1.277970,0.7096
1500,-1.317126,0.7018
1600,-1.361678,0.6940
1700,-1.417252,0.6862
1800,-1.462898,0.6823
1900,-1.505434,0.6784
2000,-1.561729,0.6745
2100,-1.615418,0.6745
2200,-1.684510,0.6706
2300,-1.751708,0.6706
2400,-1.811746,0.6628
2500,-1.886005,0.6628
2600,-1.933670,0.6589
2700,-2.019880,0.6589
2800,-2.070693,0.6550
2900,-2.130561,0.6472
3000,-2.207216,0.6433
3100,-2.272060,0.6433
3200,-2.334954,0.6355
3300,-2.375877,0.6277
3400,-2.441089,0.6238
3500,-2.499454,0.6199
3600,-2.545308,0.6199
3700,-2.614967,0.6121
3800,-2.662470,0.6082
3900,-2.743745,0.6082
4000,-2.818722,0.6082
4100,-2.921364,0.6082
4200,-2.981997,0.6082
4300,-3.060728,0.6082
4400,-3.123075,0.6043
4500,-3.184213,0.6043
4600,-3.255394,0.6043
4700,-3.326897,0.6043
4800,-3.391536,0.6004
4900,-3.461512,0.6004
5000,-3.536280,0.5926
5100,-3.625781,0.5848
5200,-3.707948,0.5848
5300,-3.788821,0.5809
5400,-3.858469,0.5770
5500,-3.937811,0.5731
5600,-3.989658,0.5653
5700,-4.043366,0.5575
5800,-4.129247,0.5575
5900,-4.208050,0.5575
6000,-4.292790,0.5575
6100,-4.339320,0.5536
6200,-4.400596,0.5497
6300,-4.463782,0.5458
6400,-4.552801,0.5380
6500,-4.644492,0.5380
6600,-4.694758,0.5380
6700,-4.769136,0.5380
6800,-4.804863,0.5380
6900,-4.870945,0.5380
7000,-4.925877,0.5341
7100,-5.007984,0.5341
7200,-5.094017,0.5263
7300,-5.164235,0.5263
7400,-5.217931,0.5146
7500,-5.277855,0.5146
7600,-5.376115,0.5146
7700,-5.438462,0.5107
7800,-5.514174,0.5107
7900,-5.576216,0.5068
8000,-5.635561,0.5068
8100,-5.707900,0.5068
8200,-5.806538,0.5068
8300,-5.878547,0.5029
8400,-5.952746,0.5029
8500,-6.019541,0.4990
8600,-6.066783,0.4990
8700,-6.136448,0.4951
8800,-6.203071,0.4873
8900,-6.242875,0.4873
9000,-6.302347,0.4873
9100,-6.359004,0.4873
9200,-6.415436,0.4873
9300,-6.483146,0.4873
9400,-6.535525,0.4834
9500,-6.580687,0.4834
9600,-6.636252,0.4795
9700,-6.680328,0.4795
9800,-6.732064,0.4795
9900,-6.800550,0.4795
10000,-6.863470,0.4756
10100,-6.917976,0.4756
10200,-6.955076,0.4678
10300,-6.985612,0.4639
10400,-7.011446,0.4639
10500,-7.063957,0.4639
10600,-7.111121,0.4639
10700,-7.139662,0.4639
10800,-7.176608,0.4600
10900,-7.198111,0.4561
11000,-7.237627,0.4561
11100,-7.282543,0.4561
11200,-7.333794,0.4561
11300,-7.364379,0.4561
11400,-7.404468,0.4522
11500,-7.433481,0.4522
11600,-7.477818,0.4522
11700,-7.519378,0.4522
11800,-7.555574,0.4522
11900,-7.590231,0.4483
12000,-7.648699,0.4483
12100,-7.684433,0.4405
12200,-7.708849,0.4405
12300,-7.750637,0.4366
12400,-7.781454,0.4366
12500,-7.829424,0.4366
12600,-7.854760,0.4327
12700,-7.887184,0.4327
12800,-7.928255,0.4327
12900,-7.953763,0.4288
13000,-7.977581,0.4288
13100,-8.000724,0.4250
13200,-8.017815,0.4250
13300,-8.048290,0.4211
13400,-8.069992,0.4172
13500,-8.100604,0.4172
13600,-8.137256,0.4133
13700,-8.168732,0.4094
13800,-8.206814,0.4094
13900,-8.238898,0.4094
14000,-8.268260,0.4094
14100,-8.307036,0.4055
14200,-8.365168,0.4055
14300,-8.386186,0.4055
14400,-8.410827,0.4055
14500,-8.433023,0.4055
14600,-8.450964,0.4055
14700,-8.469609,0.4094
14800,-8.493028,0.4094
14900,-8.508184,0.4094
15000,-8.535131,0.4094
15100,-8.567047,0.4055
15200,-8.600933,0.4055
15300,-8.627222,0.4055
15400,-8.649394,0.4055
15500,-8.675659,0.4055
15600,-8.706819,0.4055
15700,-8.746487,0.4055
15800,-8.772489,0.4055
15900,-8.796934,0.4055
16000,-8.831427,0.4055
16100,-8.856843,0.4055
16200,-8.873757,0.4055
16300,-8.900607,0.4055
16400,-8.937093,0.4055
16500,-8.955222,0.4055
16600,-8.972073,0.4055
16700,-8.999387,0.4055
16800,-9.024621,0.4055
16900,-9.048488,0.4055
17000,-9.081499,0.4055
17100,-9.094687,0.4055
17200,-9.123977,0.4055
17300,-9.138291,0.4055
17400,-9.155217,0.4016
17500,-9.173478,0.3977
17600,-9.190743,0.3977
17700,-9.208877,0.3977
17800,-9.229958,0.3977
17900,-9.252826,0.3977
18000,-9.280334,0.3977
18100,-9.307376,0.3977
18200,-9.323627,0.3977
18300,-9.336439,0.3977
18400,-9.391468,0.3977
18500,-9.408076,0.3977
18600,-9.435781,0.3977
18700,-9.463035,0.3977
18800,-9.477594,0.3977
18900,-9.506118,0.3977
19000,-9.530074,0.3977
19100,-9.545385,0.3977
19200,-9.555344,0.3977
19300,-9.591464,0.3977
19400,-9.604480,0.3977
19500,-9.634692,0.3977
19600,-9.645296,0.3977
19700,-9.669147,0.3938
19800,-9.690165,0.3938
19900,-9.712514,0.3938
20000,-9.741679,0.3938
20100,-9.747176,0.3938
20200,-9.779086,0.3938
20300,-9.785890,0.3938
20400,-9.824601,0.3938
20500,-9.832649,0.3938
20600,-9.851341,0.3938
20700,-9.874396,0.3938
20800,-9.881678,0.3938
20900,-9.888949,0.3938
21000,-9.904118,0.3938
21100,-9.938604,0.3938
21200,-9.958507,0.3899
21300,-9.978098,0.3899
21400,-10.007826,0.3899
21500,-10.022531,0.3899
21600,-10.034662,0.3899
21700,-10.052690,0.3899
21800,-10.064589,0.3899
21900,-10.079280,0.3899
22000,-10.101044,0.3899
22100,-10.117835,0.3938
22200,-10.140997,0.3938
22300,-10.157118,0.3938
22400,-10.183484,0.3938
22500,-10.218755,0.3938
22600,-10.244233,0.3938
22700,-10.282677,0.3938
22800,-10.293041,0.3938
22900,-10.301161,0.3938
23000,-10.334132,0.3899
23100,-10.342245,0.3899
23200,-10.359510,0.3899
23300,-10.367420,0.3899
23400,-10.383703,0.3938
23500,-10.397822,0.3938
23600,-10.406933,0.3938
23700,-10.418654,0.3938
23800,-10.438572,0.3938
23900,-10.447802,0.3938
24000,-10.547071,0.3938
24100,-10.577873,0.3938
24200,-10.592141,0.3938
24300,-10.608731,0.3938
24400,-10.630041,0.3899
24500,-10.644133,0.3899
24600,-10.667367,0.3899
24700,-10.678812,0.3899
24800,-10.718285,0.3899
24900,-10.745001,0.3899
25000,-10.759722,0.3899
25100,-10.769564,0.3899
25200,-10.790268,0.3899
25300,-10.794860,0.3899
25400,-10.823089,0.3899
25500,-10.833244,0.3899
25600,-10.842066,0.3899
25700,-10.876393,0.3899
25800,-10.894628,0.3899
25900,-10.900210,0.3899
26000,-10.913172,0.3899
26100,-10.926065,0.3899
26200,-10.944317,0.3899
26300,-10.960348,0.3899
26400,-10.979171,0.3899
26500,-10.989217,0.3899
26600,-10.999435,0.3860
26700,-11.065147,0.3860
26800,-11.081586,0.3860
26900,-11.123128,0.3899
27000,-11.145507,0.3899
27100,-11.163223,0.3899
27200,-11.169064,0.3899
27300,-11.183200,0.3899
27400,-11.198602,0.3899
27500,-11.268816,0.3899
27600,-11.348776,0.3899
27700,-11.410814,0.3899
27800,-11.432816,0.3899
27900,-11.440633,0.3899
28000,-11.454181,0.3899
28100,-11.465615,0.3899
28200,-11.479897,0.3860
28300,-11.496173,0.3860
28400,-11.518875,0.3860
28500,-11.561570,0.3860
28600,-11.570454,0.3860
28700,-11.600976,0.3860
28800,-11.609694,0.3860
28900,-11.660950,0.3860
29000,-11.713938,0.3860
29100,-11.721085,0.3860
29200,-11.738785,0.3860
29300,-11.753930,0.3860
29400,-11.769301,0.3860
29500,-11.786045,0.3860
29600,-11.812319,0.3860
29700,-11.835159,0.3860
29800,-11.841421,0.3860
29900,-11.854686,0.3860
30000,-11.863781,0.3860
30100,-11.871416,0.3860
30200,-11.878414,0.3860
30300,-11.902996,0.3860
30400,-11.935022,0.3860
30500,-12.042233,0.3860
30600,-12.067533,0.3860
30700,-12.079057,0.3860
30800,-12.093272,0.3821
30900,-12.113501,0.3821
31000,-12.143396,0.3821
31100,-12.178424,0.3821
31200,-12.184038,0.3821
31300,-12.215683,0.3821
31400,-12.238208,0.3821
31500,-12.269570,0.3821
31600,-12.282038,0.3782
31700,-12.308782,0.3782
31800,-12.332367,0.3743
31900,-12.375113,0.3743
32000,-12.377854,0.3743
32100,-12.382983,0.3743
32200,-12.438734,0.3743
32300,-12.456052,0.3743
32400,-12.470031,0.3743
32500,-12.496879,0.3704
32600,-12.504667,0.3704
32700,-12.534002,0.3704
32800,-12.571840,0.3704
32900,-12.580463,0.3704
33000,-12.600975,0.3704
33100,-12.608665,0.3704
33200,-12.640398,0.3704
33300,-12.679678,0.3704
33400,-12.699768,0.3704
33500,-12.709076,0.3704
33600,-12.761248,0.3704
33700,-12.777081,0.3665
33800,-12.852689,0.3665
33900,-12.877143,0.3665
34000,-12.889970,0.3665
34100,-12.910228,0.3665
34200,-12.921946,0.3665
34300,-12.995446,0.3665
34400,-13.003300,0.3665
34500,-13.045013,0.3665
34600,-13.084469,0.3665
34700,-13.108131,0.3665
34800,-13.125281,0.3665
34900,-13.138560,0.3665
35000,-13.187305,0.3665
35100,-13.228709,0.3665
35200,-13.254960,0.3665
35300,-13.278195,0.3665
35400,-13.290573,0.3665
35500,-13.307323,0.3665
35600,-13.324670,0.3665
35700,-13.356835,0.3665
35800,-13.367411,0.3665
35900,-13.443698,0.3665
36000,-13.496102,0.3665
36100,-13.510474,0.3665
36200,-13.569802,0.3665
36300,-13.635931,0.3626
36400,-13.704995,0.3587
36500,-13.776588,0.3587
36600,-13.786121,0.3587
36700,-13.893630,0.3587
36800,-13.941851,0.3587
36900,-13.983065,0.3587
37000,-14.026343,0.3587
37100,-14.053325,0.3548
37200,-14.094453,0.3548
37300,-14.144917,0.3548
37400,-14.193419,0.3548
37500,-14.235952,0.3548
37600,-14.299804,0.3548
37700,-14.393723,0.3548
37800,-14.414084,0.3548
37900,-14.435404,0.3548
38000,-14.449915,0.3548
38100,-14.481659,0.3548
38200,-14.626457,0.3548
38300,-14.639180,0.3548
38400,-14.678694,0.3548
38500,-14.703413,0.3548
38600,-14.740311,0.3548
38700,-14.759988,0.3548
38800,-14.819518,0.3548
38900,-14.857341,0.3548
39000,-14.874427,0.3548
39100,-14.891602,0.3548
39200,-14.912464,0.3548
39300,-14.930978,0.3548
39400,-14.991990,0.3548
39500,-15.011316,0.3548
39600,-15.043837,0.3548
39700,-15.098417,0.3509
39800,-15.119478,0.3509
39900,-15.159409,0.3509
40000,-15.295909,0.3509
40100,-15.379213,0.3470
40200,-15.394919,0.3470
40300,-15.436694,0.3470
40400,-15.649331,0.3470
40500,-15.678366,0.3509
40600,-15.715080,0.3509
40700,-15.764598,0.3509
40800,-15.804369,0.3509
40900,-15.889195,0.3509
41000,-15.999929,0.3509
41100,-16.017525,0.3509
41200,-16.088199,0.3509
41300,-16.162941,0.3509
41400,-16.171998,0.3509
41500,-16.259893,0.3509
41600,-16.293316,0.3509
41700,-16.307114,0.3509
41800,-16.339587,0.3509
41900,-16.383121,0.3509
42000,-16.526728,0.3509
42100,-16.549051,0.3509
42200,-16.757875,0.3509
42300,-16.782033,0.3509
42400,-16.796806,0.3509
42500,-16.812134,0.3470
42600,-16.824111,0.3470
42700,-16.838946,0.3470
42800,-16.862363,0.3431
42900,-17.084111,0.3431
43000,-17.126871,0.3431
43100,-17.186013,0.3431
43200,-17.210257,0.3431
43300,-17.264594,0.3431
43400,-17.484780,0.3431
43500,-17.520290,0.3470
43600,-17.609875,0.3470
43700,-17.639828,0.3470
43800,-17.801703,0.3470
43900,-17.855651,0.3470
44000,-17.890703,0.3470
44100,-17.920768,0.3470
44200,-17.946043,0.3470
44300,-18.065843,0.3470
44400,-18.106387,0.3470
44500,-18.170672,0.3470
44600,-18.202716,0.3470
44700,-18.279710,0.3470
44800,-18.401341,0.3470
44900,-18.449548,0.3470
45000,-18.596992,0.3470
45100,-18.638697,0.3470
45200,-18.682673,0.3470
45300,-18.707731,0.3470
45400,-18.779238,0.3470
45500,-18.824661,0.3470
45600,-18.983670,0.3470
45700,-19.088759,0.3470
45800,-19.272408,0.3470
45900,-19.842022,0.3470
46000,-19.941533,0.3470
46100,-19.951120,0.3470
46200,-20.241096,0.3470
46300,-20.253087,0.3470
46400,-20.480453,0.3470
46500,-20.614726,0.3470
46600,-20.642167,0.3470
46700,-20.708195,0.3470
46800,-20.832211,0.3470
46900,-20.912332,0.3470
47000,-20.961650,0.3470
47100,-21.015368,0.3470
47200,-21.059581,0.3470
47300,-21.070862,0.3470
47400,-21.145369,0.3470
47500,-21.197639,0.3470
47600,-21.236107,0.3470
47700,-21.283394,0.3470
47800,-21.384924,0.3470
47900,-21.404174,0.3470
48000,-21.442378,0.3470
48100,-21.455137,0.3470
48200,-21.509963,0.3470
48300,-21.697181,0.3470
48400,-21.762160,0.3470
48500,-21.907923,0.3470
48600,-21.934071,0.3470
48700,-22.003539,0.3509
48800,-22.041515,0.3509
48900,-22.642443,0.3509
49000,-22.783727,0.3509
49100,-22.876981,0.3509
49200,-22.996954,0.3509
49300,-23.118283,0.3509
49400,-23.146658,0.3509
49500,-23.415651,0.3509
49600,-23.519007,0.3509
49700,-23.671289,0.3509
49800,-23.761963,0.3509
49900,-23.889186,0.3509
50000,-23.913048,0.3509
50100,-23.959826,0.3509
50200,-24.002566,0.3509
50300,-24.046114,0.3509
50400,-24.059395,0.3509
50500,-24.065093,0.3509
50600,-24.091443,0.3509
50700,-24.130497,0.3509
50800,-24.161611,0.3509
50900,-24.177415,0.3509
51000,-24.223280,0.3470
51100,-24.315467,0.3470
51200,-24.402571,0.3470
51300,-24.441805,0.3470
51400,-24.561713,0.3470
51500,-24.623453,0.3470
51600,-24.825029,0.3470
51700,-24.868698,0.3470
51800,-24.937197,0.3431
51900,-24.973175,0.3431
52000,-25.033716,0.3431
52100,-25.119935,0.3431
52200,-25.187108,0.3431
52300,-25.327646,0.3431
52400,-25.369677,0.3431
52500,-25.392132,0.3431
52600,-25.458730,0.3431
52700,-25.495371,0.3392
52800,-25.739178,0.3392
52900,-25.840036,0.3392
53000,-25.952828,0.3392
53100,-25.981018,0.3392
53200,-25.988805,0.3392
53300,-26.021746,0.3392
53400,-26.035038,0.3392
53500,-26.102007,0.3392
53600,-26.309306,0.3392
53700,-26.335104,0.3392
53800,-26.480071,0.3392
53900,-26.550680,0.3392
54000,-26.608235,0.3353
54100,-26.731234,0.3353
54200,-26.773990,0.3353
54300,-26.833927,0.3353
54400,-27.576783,0.3353
54500,-27.608728,0.3353
54600,-27.653951,0.3353
54700,-27.691470,0.3353
54800,-27.725261,0.3353
54900,-28.441138,0.3353
55000,-28.556865,0.3353
55100,-28.581703,0.3353
55200,-28.663681,0.3353
55300,-28.700587,0.3353
55400,-28.880843,0.3353
55500,-29.021734,0.3353
55600,-29.035699,0.3353
55700,-29.045656,0.3353
55800,-29.094339,0.3353
55900,-29.218553,0.3353
56000,-29.327389,0.3353
56100,-29.369577,0.3353
56200,-29.879617,0.3353
56300,-29.973332,0.3353
56400,-30.171027,0.3353
56500,-30.253436,0.3314
56600,-30.285560,0.3314
56700,-30.567911,0.3314
56800,-30.646720,0.3314
56900,-30.666560,0.3314
57000,-30.890987,0.3314
57100,-30.907085,0.3314
57200,-31.173546,0.3314
57300,-31.213942,0.3314
57400,-31.235872,0.3314
57500,-31.466543,0.3353
57600,-31.491977,0.3353
57700,-31.514221,0.3353
57800,-32.549056,0.3353
57900,-32.572452,0.3353
58000,-32.590496,0.3353
58100,-32.698868,0.3353
58200,-32.789473,0.3353
58300,-32.820584,0.3353
58400,-33.113747,0.3314
58500,-33.712507,0.3314
58600,-33.906368,0.3314
58700,-33.926756,0.3314
58800,-34.032031,0.3314
58900,-34.058997,0.3314
59000,-34.460146,0.3353
59100,-34.565986,0.3353
59200,-34.762293,0.3353
59300,-34.815448,0.3353
59400,-35.439554,0.3353
59500,-35.579179,0.3353
59600,-35.631229,0.3353
59700,-35.801065,0.3353
59800,-35.893059,0.3353
59900,-35.926744,0.3353
60000,-36.065384,0.3353
60100,-36.148245,0.3353
60200,-36.302769,0.3353
60300,-36.614965,0.3353
60400,-36.657719,0.3353
60500,-36.673472,0.3353
60600,-36.787095,0.3353
60700,-36.866879,0.3353
60800,-36.901122,0.3353
60900,-37.017116,0.3353
61000,-37.107703,0.3353
61100,-37.252049,0.3353
61200,-37.750623,0.3353
61300,-37.851475,0.3353
61400,-37.931751,0.3353
61500,-38.054249,0.3353
61600,-38.079654,0.3353
61700,-38.157311,0.3353
61800,-38.403399,0.3314
61900,-38.459078,0.3314
62000,-39.134111,0.3314
62100,-39.374262,0.3314
62200,-39.730346,0.3314
62300,-39.760018,0.3314
62400,-39.867004,0.3314
62500,-39.952684,0.3314
62600,-39.995900,0.3353
62700,-40.092862,0.3353
62800,-40.355434,0.3353
62900,-40.455646,0.3314
63000,-40.522657,0.3314
63100,-40.618922,0.3314
63200,-40.644970,0.3314
63300,-40.726962,0.3314
63400,-40.819067,0.3314
63500,-41.054796,0.3314
63600,-41.144630,0.3314
63700,-41.186102,0.3314
63800,-41.396895,0.3314
63900,-41.562157,0.3314
64000,-42.350698,0.3314
64100,-42.414810,0.3314
64200,-42.753825,0.3314
64300,-42.812535,0.3314
64400,-43.021619,0.3314
64500,-43.090327,0.3314
64600,-44.625655,0.3314
64700,-44.679938,0.3314
64800,-44.786131,0.3314
64900,-45.433480,0.3314
65000,-45.477148,0.3314
65100,-45.521974,0.3314
65200,-45.650559,0.3314
65300,-45.748239,0.3314
65400,-45.804214,0.3314
65500,-45.916561,0.3314
65600,-45.949666,0.3314
65700,-46.107271,0.3314
65800,-46.198109,0.3314
65900,-46.359251,0.3314
66000,-46.448859,0.3314
66100,-46.529977,0.3314
66200,-46.576638,0.3314
66300,-46.645623,0.3314
66400,-47.756211,0.3314
66500,-48.006315,0.3314
66600,-48.046263,0.3314
66700,-48.134474,0.3314
66800,-48.220393,0.3314
66900,-48.468254,0.3314
67000,-48.556637,0.3314
67100,-48.618254,0.3314
67200,-48.861406,0.3314
67300,-48.910057,0.3314
67400,-49.006492,0.3314
67500,-49.149572,0.3314
67600,-49.271248,0.3314
67700,-49.482915,0.3314
67800,-49.604160,0.3314
67900,-49.816525,0.3314
68000,-49.956200,0.3353
68100,-50.362446,0.3353
68200,-50.402354,0.3353
68300,-50.708420,0.3353
68400,-50.962015,0.3392
68500,-51.037850,0.3392
68600,-51.061204,0.3392
68700,-51.265353,0.3392
68800,-51.508633,0.3392
68900,-51.561068,0.3392
69000,-51.987360,0.3392
69100,-52.051855,0.3392
69200,-52.106545,0.3392
69300,-52.185718,0.3392
69400,-52.253437,0.3392
69500,-52.364934,0.3392
69600,-52.440311,0.3392
69700,-52.503187,0.3392
69800,-52.635859,0.3392
69900,-52.737015,0.3392
70000,-52.987839,0.3392
70100,-53.031331,0.3392
70200,-53.117830,0.3392
70300,-53.168307,0.3392
70400,-53.209642,0.3392
70500,-53.356850,0.3392
70600,-53.585735,0.3431
70700,-53.740571,0.3431
70800,-53.877139,0.3431
70900,-54.178200,0.3431
71000,-54.288023,0.3431
71100,-54.446240,0.3431
71200,-54.503078,0.3431
71300,-54.631894,0.3431
71400,-54.709313,0.3431
71500,-54.822730,0.3431
71600,-54.878612,0.3431
71700,-54.920609,0.3431
71800,-55.080941,0.3431
71900,-55.192745,0.3431
72000,-55.326229,0.3470
72100,-55.437323,0.3470
72200,-55.521723,0.3470
72300,-55.581359,0.3470
72400,-55.769597,0.3470
72500,-55.850723,0.3470
72600,-55.898556,0.3470
72700,-55.946355,0.3470
72800,-56.125118,0.3470
72900,-56.259349,0.3431
73000,-56.314492,0.3431
73100,-56.396223,0.3431
73200,-56.431649,0.3431
73300,-56.562857,0.3431
73400,-56.684734,0.3431
73500,-56.801237,0.3431
73600,-56.907505,0.3431
73700,-57.072691,0.3431
73800,-57.148857,0.3470
73900,-57.203486,0.3470
74000,-57.237451,0.3470
74100,-57.361163,0.3470
74200,-57.410484,0.3470
74300,-57.636866,0.3470
74400,-57.676126,0.3470
74500,-57.752114,0.3470
74600,-57.806536,0.3470
74700,-57.885074,0.3470
74800,-57.987836,0.3470
74900,-58.008128,0.3470
75000,-58.062281,0.3509
75100,-58.131902,0.3509
75200,-58.246913,0.3509
75300,-58.760477,0.3509
75400,-58.953604,0.3509
75500,-58.989630,0.3509
75600,-59.497303,0.3509
75700,-59.520587,0.3509
75800,-59.808286,0.3509
75900,-59.841682,0.3509
76000,-60.096814,0.3509
76100,-60.355252,0.3509
76200,-60.409698,0.3509
76300,-60.448696,0.3509
76400,-60.566205,0.3509
76500,-60.695129,0.3509
76600,-60.923351,0.3509
76700,-61.255533,0.3509
76800,-61.313019,0.3509
76900,-61.394224,0.3509
77000,-61.469834,0.3509
77100,-61.744830,0.3509
77200,-61.769416,0.3470
77300,-61.821187,0.3470
77400,-61.949110,0.3470
77500,-62.266439,0.3470
77600,-62.306637,0.3470
77700,-62.387044,0.3470
77800,-62.406414,0.3470
77900,-62.431960,0.3431
78000,-62.463008,0.3431
78100,-62.616026,0.3431
78200,-62.735864,0.3431
78300,-62.783876,0.3431
78400,-63.376218,0.3431
78500,-63.422018,0.3431
78600,-63.535480,0.3431
78700,-63.592393,0.3431
78800,-63.699310,0.3431
78900,-63.778598,0.3431
79000,-63.810797,0.3431
79100,-63.898560,0.3431
79200,-63.952348,0.3431
79300,-64.000808,0.3431
79400,-64.047803,0.3431
79500,-64.137054,0.3431
79600,-64.208510,0.3431
79700,-64.262283,0.3431
79800,-64.308286,0.3431
79900,-64.333188,0.3431
80000,-64.656435,0.3431
80100,-64.739998,0.3431
80200,-64.757297,0.3431
80300,-64.833847,0.3431
80400,-64.875197,0.3431
80500,-64.908758,0.3431
80600,-65.066536,0.3431
80700,-65.134124,0.3431
80800,-65.156813,0.3431
80900,-65.185300,0.3431
81000,-65.225215,0.3431
81100,-65.248880,0.3431
81200,-65.292754,0.3431
81300,-65.344065,0.3431
81400,-65.466482,0.3431
81500,-65.609786,0.3431
81600,-65.669600,0.3431
81700,-65.696510,0.3431
81800,-65.752454,0.3431
81900,-65.795432,0.3431
82000,-65.899260,0.3431
82100,-65.937505,0.3431
82200,-65.968713,0.3431
82300,-66.034636,0.3431
82400,-66.067885,0.3431
82500,-66.209803,0.3431
82600,-66.296906,0.3431
82700,-66.310159,0.3431
82800,-66.481374,0.3431
82900,-66.504904,0.3431
83000,-66.539103,0.3431
83100,-66.657873,0.3431
83200,-66.831814,0.3431
83300,-66.865394,0.3470
83400,-67.039016,0.3470
83500,-67.176246,0.3470
83600,-67.350178,0.3470
83700,-67.412859,0.3470
83800,-67.539724,0.3470
83900,-67.846987,0.3470
84000,-67.920843,0.3470
84100,-67.961692,0.3470
84200,-68.036793,0.3470
84300,-68.068028,0.3470
84400,-68.093329,0.3470
84500,-68.150525,0.3470
84600,-68.203480,0.3470
84700,-68.300720,0.3470
84800,-68.345286,0.3470
84900,-68.378340,0.3470
85000,-68.511985,0.3470
85100,-68.640800,0.3470
85200,-68.728786,0.3470
85300,-68.791975,0.3470
85400,-68.901988,0.3470
85500,-68.993195,0.3470
85600,-69.036574,0.3470
85700,-69.049244,0.3470
85800,-69.099872,0.3470
85900,-69.367821,0.3470
86000,-69.468910,0.3470
86100,-69.498520,0.3470
86200,-69.686791,0.3470
86300,-69.841501,0.3470
86400,-70.265693,0.3470
86500,-70.409195,0.3470
86600,-70.428773,0.3470
86700,-70.522475,0.3470
86800,-70.529940,0.3470
86900,-71.039589,0.3470
87000,-71.135357,0.3470
87100,-71.538028,0.3470
87200,-71.648087,0.3470
87300,-72.077264,0.3470
87400,-72.226032,0.3431
87500,-72.394704,0.3431
87600,-72.464394,0.3431
87700,-72.498211,0.3431
87800,-72.834333,0.3431
87900,-73.103001,0.3431
88000,-73.144019,0.3431
88100,-73.631379,0.3392
88200,-73.985691,0.3392
88300,-75.792989,0.3392
88400,-76.004260,0.3392
88500,-76.022934,0.3392
88600,-76.145787,0.3392
88700,-76.484864,0.3392
88800,-76.588455,0.3392
88900,-76.692063,0.3392
89000,-76.752494,0.3392
89100,-77.118661,0.3392
89200,-77.440144,0.3392
89300,-77.687949,0.3392
89400,-77.847692,0.3392
89500,-77.883909,0.3392
89600,-78.144260,0.3392
89700,-78.322744,0.3392
89800,-78.485731,0.3392
89900,-78.832820,0.3392
90000,-79.275790,0.3392
90100,-79.715566,0.3353
90200,-80.077287,0.3353
90300,-80.191133,0.3314
90400,-80.276928,0.3314
90500,-81.300933,0.3314
90600,-81.716345,0.3314
90700,-81.784521,0.3314
90800,-83.237205,0.3314
90900,-83.776676,0.3314
91000,-83.837490,0.3314
91100,-83.937260,0.3314
91200,-84.195597,0.3314
91300,-84.428370,0.3314
91400,-85.395353,0.3314
91500,-86.066037,0.3314
91600,-86.533550,0.3314
91700,-86.637307,0.3314
91800,-86.745424,0.3314
91900,-87.180282,0.3314
92000,-87.270692,0.3314
92100,-87.517697,0.3314
92200,-88.056498,0.3314
92300,-89.363014,0.3314
92400,-89.745266,0.3314
92500,-89.832708,0.3314
92600,-90.225843,0.3314
92700,-90.287446,0.3314
92800,-90.554367,0.3314
92900,-90.745614,0.3314
93000,-91.155649,0.3353
93100,-91.643092,0.3353
93200,-92.443034,0.3353
93300,-92.575203,0.3353
93400,-94.293770,0.3353
93500,-95.130877,0.3353
93600,-96.175496,0.3353
93700,-96.829620,0.3353
93800,-97.083258,0.3353
93900,-97.626500,0.3353
94000,-98.097545,0.3353
94100,-99.442871,0.3353
94200,-100.058759,0.3353
94300,-100.332610,0.3353
94400,-100.622466,0.3353
94500,-100.835263,0.3353
94600,-101.104355,0.3353
94700,-101.185913,0.3353
94800,-101.303783,0.3353
94900,-101.470221,0.3353
95000,-101.951583,0.3353
95100,-102.283555,0.3353
95200,-102.312307,0.3353
95300,-103.538915,0.3353
95400,-104.683635,0.3314
95500,-105.147954,0.3275
95600,-105.454330,0.3275
95700,-105.492974,0.3275
95800,-105.697421,0.3275
95900,-106.156065,0.3275
96000,-106.601958,0.3275
96100,-106.961457,0.3275
96200,-107.121953,0.3275
96300,-107.304863,0.3275
96400,-107.337713,0.3236
96500,-108.223202,0.3236
96600,-108.493076,0.3236
96700,-108.835413,0.3236
96800,-109.126747,0.3236
96900,-109.653945,0.3236
97000,-109.998717,0.3236
97100,-110.580590,0.3236
97200,-110.859029,0.3236
97300,-111.581864,0.3236
97400,-111.970788,0.3236
97500,-112.092605,0.3236
97600,-112.423890,0.3236
97700,-112.898528,0.3236
97800,-113.089774,0.3236
97900,-113.223772,0.3236
98000,-114.301031,0.3236
98100,-114.354373,0.3236
98200,-114.762916,0.3236
98300,-115.323574,0.3236
98400,-116.705439,0.3236
98500,-117.286491,0.3236
98600,-117.491285,0.3236
98700,-117.790437,0.3236
98800,-117.855036,0.3236
98900,-118.173573,0.3236
99000,-118.178273,0.3236
99100,-118.221622,0.3236
99200,-118.515648,0.3236
99300,-118.825991,0.3236
99400,-119.528294,0.3236
99500,-120.048489,0.3236
99600,-120.202524,0.3236
99700,-120.592702,0.3236
99800,-120.828253,0.3236
99900,-121.364563,0.3236
100000,-121.473985,0.3236
100100,-121.685910,0.3236
100200,-122.042088,0.3236
100300,-122.851308,0.3236
100400,-123.426998,0.3236
100500,-124.253493,0.3236
100600,-125.012071,0.3236
100700,-125.055576,0.3236
100800,-125.314979,0.3236
100900,-125.647965,0.3236
101000,-125.915139,0.3236
101100,-126.338841,0.3236
101200,-126.617750,0.3236
101300,-126.656628,0.3236
101400,-126.743412,0.3236
101500,-126.907127,0.3236
101600,-126.993868,0.3236
101700,-127.527364,0.3236
101800,-127.886042,0.3236
101900,-128.030797,0.3236
102000,-128.230603,0.3236
102100,-128.413901,0.3236
102200,-128.559245,0.3236
102300,-128.749759,0.3236
102400,-128.957798,0.3236
102500,-130.626760,0.3236
102600,-130.734753,0.3236
102700,-130.811139,0.3236
102800,-130.901754,0.3236
102900,-130.909716,0.3236
103000,-131.107955,0.3236
103100,-132.675175,0.3197
103200,-132.715350,0.3197
103300,-133.379230,0.3197
103400,-133.549064,0.3197
103500,-133.581519,0.3197
103600,-133.836629,0.3197
103700,-133.929619,0.3197
103800,-134.104714,0.3197
103900,-134.263616,0.3197
104000,-135.362180,0.3197
104100,-136.111898,0.3197
104200,-136.533797,0.3197
104300,-136.540907,0.3197
104400,-136.887405,0.3197
104500,-137.131223,0.3197
104600,-138.333241,0.3197
104700,-139.276227,0.3197
104800,-139.646416,0.3197
104900,-140.443222,0.3197
105000,-141.307437,0.3197
105100,-141.355221,0.3197
105200,-141.369838,0.3197
105300,-142.594973,0.3197
105400,-142.622765,0.3197
105500,-143.869396,0.3197
105600,-143.997003,0.3197
105700,-144.147582,0.3197
105800,-144.615236,0.3197
105900,-145.001102,0.3197
106000,-145.220041,0.3197
106100,-146.731511,0.3197
106200,-146.823720,0.3197
106300,-147.001314,0.3197
106400,-147.375469,0.3197
106500,-147.379120,0.3197
106600,-147.738397,0.3197
106700,-148.018784,0.3197
106800,-148.092409,0.3197
106900,-148.864265,0.3197
107000,-149.003932,0.3197
107100,-149.617171,0.3197
107200,-149.950180,0.3197
107300,-150.140891,0.3197
107400,-150.368928,0.3197
107500,-150.472273,0.3197
107600,-150.491687,0.3197
107700,-150.727179,0.3197
107800,-150.853660,0.3197
107900,-151.037243,0.3197
108000,-151.198069,0.3197
108100,-151.225545,0.3197
108200,-151.477055,0.3197
108300,-151.861106,0.3197
108400,-152.280022,0.3197
108500,-152.619276,0.3197
108600,-152.663668,0.3197
108700,-153.940598,0.3197
108800,-154.130415,0.3197
108900,-154.237416,0.3197
109000,-155.290379,0.3197
109100,-155.652194,0.3158
109200,-155.987802,0.3158
109300,-156.281522,0.3158
109400,-156.575153,0.3158
109500,-156.797426,0.3158
109600,-157.139544,0.3119
109700,-157.790511,0.3119
109800,-157.976112,0.3119
109900,-158.119584,0.3119
110000,-158.176330,0.3119
110100,-159.842684,0.3119
110200,-160.461290,0.3119
110300,-160.466027,0.3119
110400,-161.303055,0.3119
110500,-161.671873,0.3119
